{"values":{"pattern":"active_checkerboard","CALIB_RATIONAL_MODEL":true,"CALIB_THIN_PRISM_MODEL":false,"CALIB_TILTED_MODEL":true,"camera_matrix":[[6941.6487297437,0.0,2032.1478972952],[0.0,6939.6869084219,1683.8252709853],[0.0,0.0,1.0]],"rvecs":[[[0.019403552],[-0.0242729379],[0.0003282789]],[[0.0552142633],[-0.0251034273],[-0.0012659324]],[[0.0935279635],[-0.0224933642],[0.0000388738]],[[0.0539348097],[-0.0171715249],[-0.001400541]],[[0.0200751286],[-0.0036148903],[0.0012743226]],[[0.0532293541],[-0.0030469224],[-0.0009944256]],[[0.0923705253],[-0.0074720546],[-0.0000383132]]],"tvecs":[[[-560.2484813235],[-306.1299963001],[2088.8797477747]],[[-562.3557997685],[-370.4366262615],[2073.5312180346]],[[-552.8448334174],[-441.3205305467],[2062.9399553574]],[[-548.2272434818],[-368.7533310613],[2078.4949815122]],[[-521.9407932475],[-308.242968264],[2099.6580819695]],[[-522.1105105847],[-367.6886022126],[2086.5575360581]],[[-530.2692578894],[-439.3745987739],[2067.6837177664]]],"roi":[28,32,3966,2971],"dist_k":[8.0955660596,12.557997874,172.6072073904,8.3871164179,14.0613087882,182.4075214587],"dist_p":[-0.0036091699,-0.0012232134],"dist_s":[0.0,0.0,0.0,0.0],"dist_tau":[0.0122457069,-0.0044216715],"new_camera_matrix":[[6687.779296875,0.0,2032.0649646741],[0.0,6700.076171875,1684.3122488593],[0.0,0.0,1.0]]}}